STARID,LABEL,1th Peak,1th Peak F.A.P,2th Peak,2th Peak F.A.P,3th Peak,3th Peak F.A.P,4th Peak,4th Peak F.A.P,5th Peak,5th Peak F.A.P
NP-G267-158,1,0.550843763828229,1.3288292810708501e-05,0.5159905778240591,6.179154590316702e-05,0.5072431902937229,8.924549892710263e-05,0.5020540195569455,0.00011063761785656123,0.4826053425785182,0.00024253641811719816
NP-GJ1001,1,0.5632210010320731,0.005827778707989787,0.5430756877402266,0.010035076812438442,0.5212393125003928,0.017557287737922495,0.4771966622809293,0.049661484943230284,0.4709168678690222,0.05705654034198127
NP-GJ1012,1,0.4747779568187735,0.98227817426992,0.4528860637637789,0.9884247466850864,0.3948035649163503,0.9965205839700422,0.3378489365077265,0.9989910183807024,0.3338721581413185,0.9990749914758746
NP-GJ1031,1,0.3348610017952829,0.2884862614244569,0.3321608102008047,0.3040147542086906,0.2589164253085903,0.8318274764831265,0.2551479966067007,0.8540215116691475,0.2407453257008282,0.9230206165785068
NP-GJ1032,1,0.7361448929871157,0.22956667086205185,0.7259871951843088,0.2601575120720985,0.7258127506971632,0.2606996621898884,0.7227402731725943,0.2703381766399547,0.7171615023825002,0.28826108034149045
NP-GJ103,1,0.6772615929811454,0.4685732579874658,0.6628988435230941,0.5175315123530407,0.6612070633425058,0.5232805284679818,0.6562600884897332,0.540043032372043,0.6480698927151208,0.5675755988815777
NP-GJ1046,1,0.9746426737380264,1.2175343559295366e-16,0.9722972914813142,3.3634553710656533e-16,0.9606285798738364,1.9045536817415225e-14,0.8671036460370714,2.156076212063625e-08,0.8605936387066644,3.7230113899908485e-08
NP-GJ1057,1,0.4211787635927484,0.9956831934134056,0.4033186066386679,0.9968499645566136,0.3803882744843206,0.9978962762149058,0.3802388006922576,0.997901784460454,0.3368633567836073,0.9990077116976354
NP-GJ1068,1,0.5016205657964948,0.5669530175112739,0.4991914519191667,0.5784481280412804,0.4727149377321255,0.7006173292767859,0.4701671711215683,0.7117996256360162,0.4687478987585912,0.7179657260404417
NP-GJ1100,1,0.5271068465524924,0.006762641130136876,0.5004373768031031,0.014543661096006029,0.44824512423269147,0.05690342921206641,0.4405014001662492,0.06861998872738047,0.4337632508846658,0.08049218256566461
NP-GJ1135,1,0.9712676626119277,4.911452511300622e-11,0.9644773399465516,2.672042095039942e-10,0.9440950879416954,9.953346835355853e-09,0.8818928340303003,3.8218557146150085e-06,0.7911573292076938,0.000346389080789441
NP-GJ1161B,1,0.3660344257967315,0.7428976664993353,0.3590872150835383,0.7751386289887596,0.3586325506610652,0.7771862886431641,0.34653729344801154,0.828455238872216,0.34553344370353284,0.8324122894063825
NP-GJ1252,1,0.8618961906426662,7.318621710487025e-10,0.8507351982427125,2.076217942905961e-09,0.8422670119290656,4.3515969951480385e-09,0.8316887878925057,1.038722303570271e-08,0.8272802773299008,1.4687399991399121e-08
NP-GJ1256,1,0.6756501654046976,0.7712013867212344,0.6587779037771964,0.8166951690412075,0.6308853856492407,0.8779818063647535,0.6287422348801714,0.8819865201680315,0.5612305837495302,0.9645985511254088
NP-GJ126,1,0.7502602885029821,1.1830910921258696e-31,0.7374527314506719,1.9790614093936503e-30,0.7313973988095536,7.147837595808212e-30,0.7182093733682422,1.062556315404916e-28,0.5746609998425204,1.204174076764047e-18
NP-GJ130,1,0.0227952309981782,1.0,0.022378221920666543,1.0,0.022273728401513253,1.0,0.021880090638920137,1.0,0.02158978460192685,1.0
NP-GJ155.1,1,0.5481909995151076,0.8619377717103763,0.5442366469201574,0.8726565890219591,0.5401096549365,0.8832606292324146,0.5048396556112669,0.9505175038558163,0.49988280572804794,0.956904176404043
NP-GJ155.3,1,0.2660411758454568,0.6188069901794777,0.254898944782101,0.7047108498567277,0.2409278408985499,0.8034053433265959,0.22752990941199386,0.8810119962842986,0.2263188951035778,0.8870034392038734
NP-GJ157B,1,0.8221607915728059,3.3530734756420923e-34,0.7731701626654063,4.8986774032668986e-29,0.7707006447105904,8.314093807231711e-29,0.7187057408199539,1.793940917642984e-24,0.7176621411320423,2.149300232377023e-24
NP-GJ16,1,0.8046666878893319,0.8102850481457871,0.8045638277821273,0.8105979122655439,0.8042799959724285,0.8114592415744444,0.8021764215763176,0.8177522453255799,0.8018908027542048,0.8185944313996533
NP-GJ182,1,0.6944177394437901,0.0005270141110371544,0.6645771277663377,0.0014363718731904376,0.5563547368765683,0.028115831418520854,0.5271435871793939,0.054453294330488934,0.4610982314639892,0.19805878572861704
NP-GJ2003,1,0.40997302146669423,0.02092163879205292,0.4091351580709513,0.021450493988738592,0.35725382459667393,0.09168212646198846,0.3482283604973428,0.115634330157603,0.3418272787713529,0.13574142499431294
NP-GJ2049,1,0.5716476422377005,7.620490790793637e-08,0.5447063934940292,3.745690327751095e-07,0.5302343858506645,8.468980647224876e-07,0.5140893934961702,2.0418845450720245e-06,0.512603375002555,2.2107895750081845e-06
NP-GJ2066,1,0.3437493378920207,1.0109673173277662e-07,0.3225763446650479,5.527623313446368e-07,0.3224448733303252,5.585257150549328e-07,0.31640738416825404,8.972588894025046e-07,0.3146512397861512,1.0290546001038146e-06
NP-GJ2121,1,0.7987253525526442,2.1036290941929801e-07,0.7939676604818465,2.808846198340693e-07,0.7704173118443811,1.0707045513758656e-06,0.7109559178387285,1.8317720450833937e-05,0.6802724094456014,6.326410605687167e-05
NP-GJ218,1,0.7587669520996408,0.008964922628599352,0.7448797158033049,0.012758344641402044,0.738384383187521,0.014942550841962703,0.7330238959227441,0.016970187493842853,0.7285170948041352,0.018845942262568336
NP-GJ234A,1,0.6298522584367702,0.29484531060034264,0.6190578545191032,0.33350490455268283,0.5953322349924209,0.4258817443256442,0.5665090785846674,0.5464762088902998,0.5603856188942266,0.5724087854055281
NP-GJ238,1,0.8666253190363349,0.011454255638523087,0.8655685002860249,0.011767508971970408,0.8654562946906094,0.011801113636887043,0.8645054010237505,0.01208858003455685,0.8619670764159894,0.012879703909132036
NP-GJ298,1,0.2986279775127021,0.017308715654282703,0.2592958821930937,0.07416351657370615,0.2299288093059013,0.197328327338132,0.2182925283380304,0.2799426082833419,0.1946036656510121,0.5162787857311486
NP-GJ3009,1,0.8661277308413557,0.02287662763402776,0.8613463070025593,0.0257641972948857,0.8606353559733657,0.02621379648569197,0.8592019830121517,0.02713648865953304,0.8577041575815831,0.028124092801175272
NP-GJ3110,1,0.999990825891636,1.502921602924846e-19,0.9998791938636282,4.520386474244338e-15,0.999869563582506,6.14358311397385e-15,0.9998099152847582,2.7710894565124282e-14,0.9997787756908484,5.0840360486264186e-14
NP-GJ3141,1,0.8773059635365014,0.018740446667044518,0.8743747498695991,0.02030790143258916,0.8630145648903788,0.02723647988999952,0.8173320507693195,0.07110469092671623,0.8147463900622041,0.07444901368081341
NP-GJ319C,1,0.3072049489156511,2.717228080088873e-10,0.3069197392836984,2.805154703073821e-10,0.3055996530099141,3.2500828859247684e-10,0.3047484805873367,3.5731642345551856e-10,0.2995002492920492,6.392488595456327e-10
NP-GJ3202,1,0.52736540055454,0.9287482002919936,0.5124778769357712,0.9476179036157965,0.4949811654142234,0.9645354408840799,0.4696523197544397,0.980922136289749,0.4599426625550988,0.98521887114462
NP-GJ3205,1,0.3894438411708091,0.9355754856112792,0.3638812611452904,0.9748116009498292,0.3636853630939424,0.9750146959161046,0.3599746535247657,0.9786258037639748,0.3596568764044456,0.9789148152787126
NP-GJ3212,1,0.6873740487826047,0.4148792209797825,0.6873061756583432,0.4151365883192088,0.6864385399778803,0.4184298163904252,0.6863106927684013,0.4189155800920636,0.6858252651832668,0.420761145103686
NP-GJ3218,1,0.4272323266887639,0.0037379708577163994,0.41608830487185905,0.00552415937831437,0.3977816861373316,0.010304386073314586,0.39380716413505534,0.01176310392683101,0.377501902658687,0.020027193591015645
NP-GJ3221,1,0.6518144445576415,0.0004774486135578453,0.6250836616774516,0.0011357314704937818,0.6192149309683058,0.001361906624415415,0.6160813187804646,0.001498787487553645,0.5962370237563165,0.0026983273100001518
NP-GJ3256,1,0.5940469206467155,0.0037338292511250462,0.593094774546162,0.003841513581155214,0.5650526961561746,0.008605836098529105,0.540170033070883,0.016798685353550724,0.502630838518398,0.04265586797238459
NP-GJ3263,1,0.5530986968579993,0.18042101606597705,0.5334001523380306,0.2367041901548799,0.5093989230168895,0.3193330714376688,0.44121096440699625,0.6137987021312881,0.4206253772363453,0.7044857391554615
NP-GJ3279,1,0.9655997656389944,0.00023037086757879413,0.9619888339197362,0.00032618029747783487,0.9556708906915348,0.0005570972314736621,0.9516100759405918,0.0007556757230031848,0.9408178725643076,0.0015207945015277154
NP-GJ3307,1,0.999630544960642,5.95633437680188e-26,0.9970585454408092,9.605341762621127e-19,0.9796519442018616,4.995762190058196e-12,0.9189264980107515,3.075677328395901e-07,0.8926039587459325,2.8749470574679494e-06
NP-GJ333,1,0.9902775838846468,1.2100636041636672e-11,0.9834035838580276,3.898953106544389e-10,0.936340488377898,2.3752307368445493e-06,0.9325233798949264,3.4612117335935517e-06,0.9146118930438888,1.5838317144719476e-05
NP-GJ3379,1,0.024774448397374502,0.9999990917174708,0.024290267148782883,0.9999990315830024,0.023755923044567338,0.9999989588842106,0.02325021913812311,0.9999988832534612,0.022839321896149813,0.9999988163678905
NP-GJ3440,1,0.5509953219173435,0.00036443188832115564,0.5507692522663853,0.00036748818538403176,0.5502802298666601,0.0003741817555440514,0.5433176965310655,0.0004827644724910448,0.5037805225843562,0.0019059666754396945
NP-GJ3528,1,0.6917977349241287,0.11886261070644395,0.6887350157895296,0.12539478606269264,0.6761744030106506,0.15493306503449755,0.6531017337156251,0.2212633150738044,0.6503797769019721,0.230141973804198
NP-GJ3530,1,0.6307884664818321,0.008749881081616248,0.6117358721556576,0.014214209641248431,0.5647195624440424,0.04223708075064432,0.564632048393223,0.0423170703930082,0.5644633229657688,0.04247165839003074
NP-GJ361,1,0.030300915184632713,1.0,0.026152985720711213,1.0,0.018491597080729387,1.0,0.009571576213628528,1.0,0.004950179338848417,1.0
NP-GJ3643,1,0.01272834876981249,0.9999999999999756,0.01240753819900244,0.9999999999999696,0.012103591460460248,0.999999999999962,0.012003407846994902,0.9999999999999591,0.010902842426855323,0.9999999999999041
NP-GJ369,1,0.6217299688923483,3.494215222347401e-07,0.6033624217840658,9.317709725101644e-07,0.6014750742308914,1.0278444169838649e-06,0.5831631463920602,2.6000291778818138e-06,0.5484123917755467,1.3552241755813868e-05
NP-GJ3700,1,0.7390421578357349,0.2498311789989245,0.7260442895623094,0.2867650903350396,0.7018109702423928,0.3607578934756011,0.6913833508454266,0.394160475367028,0.6580252137944708,0.5040374591354734
NP-GJ3759,1,0.5644398507964131,0.8051842998440475,0.5578963762664375,0.8220939370658987,0.528704527145972,0.8861274937614153,0.5133284031326215,0.9124478149883476,0.4963848176482182,0.9359474424763794
NP-GJ3778,1,0.9760711603274738,1.6054853882932998e-11,0.9758835151248878,1.7088555315177613e-11,0.9705787282940934,8.362762657035602e-11,0.9309133025005836,7.575917447770303e-08,0.6948346168741926,0.009464629056822844
NP-GJ377,1,0.5747041317367264,0.7014398397188969,0.5564409509254289,0.7625567341210366,0.5542871603375336,0.7693251948750544,0.5290267391766479,0.840801185406749,0.5163204695983268,0.8708986251967316
NP-GJ3804,1,0.489715875404323,0.7446194670298868,0.4895223110139965,0.7454762721607342,0.4892215732446529,0.7468051871241339,0.4884302518255295,0.7502884817276332,0.4881503806843012,0.7515157295006563
NP-GJ3813,1,0.873762191466632,3.351356990989402e-06,0.8733973859422616,3.433872465349438e-06,0.8722867817380664,3.6961969297259492e-06,0.8677749049351815,4.952374304226965e-06,0.8235487475059966,5.6077290430624536e-05
NP-GJ3822,1,0.445500084742113,1.9663640459617274e-06,0.4345370858840993,3.6694971516661246e-06,0.4182477608052066,9.061263640890759e-06,0.4096924937874047,1.4413596340683087e-05,0.38431682295944697,5.482667822718253e-05
NP-GJ3835,1,0.5669956418094392,0.7625802489336845,0.560183955537484,0.7791086337836326,0.5587733076614886,0.7824442614985008,0.5353690855773815,0.8332855069544234,0.5339328426053781,0.8361252103951875
NP-GJ386,1,0.5020443152932573,3.035326018679097e-07,0.50086591566945,3.243073729556777e-07,0.4875305976738496,6.784320943080029e-07,0.4799802134144167,1.0213723516615989e-06,0.4700008563012466,1.7375911668333396e-06
NP-GJ3871,1,0.5273727506243734,0.0009732342472036944,0.5103546389515391,0.001715797742773926,0.4606428144856392,0.0080148422717679,0.4276281792605677,0.02045711026631189,0.4214699203548749,0.02418669237665989
NP-GJ3874,1,0.01760077896705554,0.9999999999999896,0.016982531182009455,0.9999999999999856,0.015109727192806968,0.9999999999999576,0.015008178140592694,0.9999999999999548,0.0147729728515804,0.9999999999999478
NP-GJ390,1,0.08175124204188143,0.9992652667653622,0.07790449740263143,0.9996661218111842,0.07632790236159606,0.9997632003936606,0.07574802084580938,0.9997919449780179,0.07445801270255865,0.9998449182832012
NP-GJ3915,1,0.9989675849732697,1.552361133905163e-22,0.997378638188665,2.679768633872612e-19,0.9856432918205748,2.1577485460669517e-13,0.915000740735924,3.143382172142055e-07,0.7610958482631397,0.0011182803761852177
NP-GJ3918,1,0.35663254591811083,0.5543540590926387,0.3364831857017256,0.6903788236664955,0.3311825526941391,0.7247142570725641,0.3246656082803052,0.7651609292411022,0.317226326402334,0.8082320477738155
NP-GJ3962,1,0.9817428009861896,3.079964871872312e-19,0.9815251491858156,3.550264291910945e-19,0.9739528735367726,2.1816041528674618e-17,0.9330950894801644,1.7621696290641408e-12,0.7810067462922697,2.441099758246811e-06
NP-GJ3969,1,0.4064892796235026,0.07483291647171918,0.3827179752451661,0.12954775765096002,0.3662730206468781,0.18456814663225266,0.3643573954512809,0.19204807552649075,0.3537671848586749,0.2377559972695432
NP-GJ399,1,0.28395403723201024,0.9999869051359052,0.2839106331267342,0.9999869129160976,0.283867923353464,0.9999869205653048,0.28374752446174145,0.9999869420936308,0.2836581000099965,0.9999869580502776
NP-GJ4001,1,0.9903590303142492,1.0015795214190427e-15,0.9621596376366534,1.1023551333440274e-10,0.9547699991313192,5.002816593826273e-10,0.9309073621581196,1.8110710904222844e-08,0.9145973253327194,1.0877755997935195e-07
NP-GJ4079,1,0.3313436350686588,0.829751470218679,0.32274480982782683,0.8575102753254172,0.31588639570571525,0.8776185488854343,0.307662283218301,0.8992891324102098,0.30176444450543577,0.9131853631022736
NP-GJ4088,1,0.8949121171375664,0.001365156417486203,0.8918935245873304,0.0015700757393108027,0.8870532520962199,0.001948947369996396,0.8799327096538797,0.002634536034432405,0.8785382360948449,0.002788752235558284
NP-GJ4100,1,0.5523539562094427,9.891217242730131e-21,0.5158605789660741,1.753051395848003e-18,0.5074917743085592,5.435112450407737e-18,0.4371936997461949,3.5994329259242996e-14,0.4349862186248482,4.6579189121543217e-14
NP-GJ4254,1,0.1878837173106018,0.9999999713037993,0.17684569587406884,0.999999981634067,0.15637503952071702,0.9999999911820898,0.13926561414334718,0.999999994605093,0.1392194975548853,0.9999999946112552
NP-GJ429.2,1,0.023234659860795384,1.0,0.020588927595233186,1.0,0.02008488013982826,1.0,0.018688995308155244,1.0,0.01651706202843316,1.0
NP-GJ4303,1,0.9687773817891988,3.5126446192215895e-52,0.967982542848033,8.67937493000526e-52,0.963641672431328,8.42046727076565e-50,0.9601253248383128,2.3329588343900405e-48,0.9304159260347712,1.1651779813417598e-39
NP-GJ431,1,0.6988832067780065,1.8075674208593524e-05,0.6925762542833211,2.380541581137989e-05,0.671892467032765,5.6481795578265685e-05,0.6672755548693509,6.797466790286294e-05,0.6659158057031555,7.174948479669347e-05
NP-GJ4332,1,0.6794071347605416,1.9615121784338493e-09,0.6780661395671868,2.1525489781550654e-09,0.6645043132766245,5.3926513161697915e-09,0.6521579556578768,1.2047528598503175e-08,0.6496239540266064,1.4157473774117392e-08
NP-GJ4364,1,0.7184265019351923,0.2893098514438538,0.7030697338472449,0.3344549487969765,0.7022743775916036,0.3368549974434972,0.7020110244886906,0.337650905524802,0.6990914022053725,0.3465142308118133
NP-GJ43,1,0.6916205191627465,0.00012283962792432286,0.6817658382252108,0.0001779015629162806,0.6237561259889193,0.0012691333672590133,0.6224621039730842,0.0013211223174536455,0.6208377238808289,0.001389125671377697
NP-GJ443,1,0.053114832438719374,0.9999999996688528,0.0479176082018782,0.9999999996803556,0.04367129713442625,0.9999999996617348,0.039541148910826315,0.9999999996100124,0.03841776750119538,0.9999999995877648
NP-GJ476,1,0.6213342051377234,1.5511030764072494e-05,0.5495386975632598,0.0002792094345421304,0.4897203601582769,0.002193935388041505,0.44813482922639375,0.007929698937266725,0.4035257443683504,0.027934086580458237
NP-GJ477,1,0.3974324093735857,0.0252001139197696,0.3896987694080675,0.03169107054245628,0.3857663402898721,0.03555306493460958,0.3847604257244178,0.03660817820874515,0.3835190624617463,0.037949882340956836
NP-GJ508.3,1,0.52090229954625,0.0012109325437487484,0.5206347905993107,0.0012218186819419553,0.4955453251406074,0.002764283446017848,0.4935948222949466,0.002939998767406009,0.4872970537015039,0.00358099357111111
NP-GJ510,1,0.34720710286842155,0.0029489336237260213,0.3347768568274043,0.004814567957400708,0.29679816207040416,0.020146489490333982,0.2814202591553321,0.0349202882742112,0.274155057427628,0.044990537808818114
NP-GJ553.1,1,0.28192806452468183,0.7857408918784288,0.2757580925323085,0.8152305405308508,0.2625081904694424,0.8711089987899712,0.2538621708454426,0.9015144024570164,0.2369141533661824,0.9467885757652996
NP-GJ56.1,1,0.3602888584662993,0.0028014723227310395,0.3390318931692466,0.006347068205609141,0.3292450535656841,0.009153623369490195,0.3275967313081273,0.00972961900248293,0.32714451878765355,0.009893561653549895
NP-GJ606,1,0.3360163363442781,0.6904961553855531,0.33571564896023304,0.6919795374262526,0.3128990256610784,0.7970177991626429,0.2973644724588169,0.8570090028041653,0.2937207086295644,0.8694349140204333
NP-GJ618.1,1,0.5067496772323853,2.1247813044793007e-08,0.5033453454275094,2.675571756940041e-08,0.4599597593420154,4.4108912817561037e-07,0.4177202627145658,5.440624995426287e-06,0.4130524508353794,7.097628989548674e-06
NP-GJ629.3,1,0.6109235868469912,3.947404206234402e-11,0.5986699862723629,1.0705064375797974e-10,0.5889347161596916,2.3138416860368937e-10,0.5721942238219409,8.346389294553559e-10,0.5690960460408043,1.0523775262580502e-09
NP-GJ634,1,0.4810662509673988,1.6736880795876695e-09,0.4785332781640589,2.0135093674334255e-09,0.4783752670813001,2.0367995460349214e-09,0.4779722318976064,2.097398422086728e-09,0.4776775625076209,2.1428101663016235e-09
NP-GJ637,1,0.5336671525402904,0.2995751564286678,0.5066706347884323,0.4023338490532596,0.5044067528644497,0.4115844654440974,0.5020778591247106,0.4211855113623544,0.4931310024866397,0.4587823852063088
NP-GJ654,1,0.004338905626329145,1.0,0.004289668550496917,1.0,0.004224212735818424,1.0,0.0042123426635390215,1.0,0.004181339581139647,1.0
NP-GJ660.1,1,0.3091339487338326,0.0866345282746516,0.2943902585956551,0.13128156754262701,0.2888953923478005,0.15241683196393396,0.24360826738427585,0.4461356961764249,0.24097948142066564,0.469673500192715
NP-GJ672.1,1,0.4630229211982468,0.4849291740949673,0.458870840156406,0.5059864725321684,0.4411717578527973,0.5971585668617565,0.4338798410918643,0.6346129177233619,0.3931227600805285,0.822958123230462
NP-GJ70,1,0.9972961255722776,1.0721713329531367e-11,0.99540161646516,1.5241846922191425e-10,0.9952861406229851,1.725339397419916e-10,0.9928482527156912,1.3855222198315988e-09,0.9924737210348942,1.7880729815024295e-09
NP-GJ723,1,0.3043178351030544,0.008727510718644142,0.2565554720352559,0.05202497353332946,0.2467637758868499,0.07326375226567343,0.2464573145041868,0.0740415364649286,0.2449165134401044,0.07806729152543067
NP-GJ724,1,0.3596841036531043,0.5747455152791051,0.3408843124278059,0.6869445623341432,0.32563545531092136,0.7716594114009635,0.31032306058609305,0.8454044935759045,0.31005895452068544,0.8465515915496237
NP-GJ734B,1,0.5652951513440461,0.5397836803135775,0.559297425934022,0.557692016082914,0.5489763220864391,0.5882008901454813,0.5455170628406927,0.5983139232808253,0.5443036075170576,0.6018458299764256
NP-GJ739,1,0.7240976042072026,0.0005184423395947581,0.7136086957937948,0.0007201690939894543,0.6909399677674053,0.001406874801920576,0.6510777635428466,0.0040678221121339606,0.5808912580080219,0.019873848078950068
NP-GJ740,1,0.3275720692838805,0.004527252001127511,0.3134878645902281,0.007982509967595586,0.3090213874777261,0.00952714775961437,0.2877050290945313,0.021720870225264952,0.26976660711752465,0.04228717669625491
NP-GJ7,1,0.7617184995930592,0.09222787090009447,0.753546003700147,0.10432740556334176,0.7519900995181935,0.10674247070049904,0.7515915839332242,0.1073668293697273,0.7510290274689425,0.1082522157370999
NP-GJ800A,1,0.7650788198548144,4.035843444782745e-17,0.7187089359174247,9.517683051457041e-15,0.7174141858612545,1.0938826813728736e-14,0.7112436499337074,2.104878488104621e-14,0.707800900883404,3.014186980836094e-14
NP-GJ808,1,0.4755983685657644,0.9543697301458196,0.4672422692993562,0.9626103144136182,0.4646135600125914,0.9649422755036906,0.4440181234390728,0.9794434517677126,0.4336139545548793,0.9846128548398374
NP-GJ816,1,0.2130662726598636,0.9963329764935904,0.2106728689094148,0.9967880309559586,0.2092960266764296,0.9970267904250288,0.20502401605752146,0.997671529686484,0.2009024684738013,0.9981732565278464
NP-GJ821,1,0.29648025163258057,0.9953656281310248,0.284035834341157,0.9972575073073572,0.283960419531168,0.997266485163735,0.2771206560315063,0.9979797539424062,0.27665896058436906,0.9980212714030332
NP-GJ842,1,0.6739387204444989,0.8733702040530474,0.6722461528820028,0.877087253106392,0.6573912498835734,0.9063923568102497,0.6434528203293306,0.9287869212861464,0.6417529168281215,0.9312044406502944
NP-GJ855,1,0.5689533295591115,0.004836193167614959,0.50351819828302,0.02824187674818112,0.455331754451736,0.08685014506397112,0.4527115126811002,0.09192393331509066,0.4524428343305488,0.09245824814654194
NP-GJ85,1,0.828772301922598,9.21332866938142e-05,0.8207166610348247,0.00012945840319357742,0.8192136391082112,0.0001377024519406765,0.8166940398478161,0.00015253940822774437,0.8076709104316624,0.00021755913493573268
NP-GJ891,1,0.5079411514230014,0.03872072252145334,0.5053444861350433,0.04108999550087484,0.4825137276453748,0.06804384349439617,0.4232918211389268,0.2152269240578931,0.4125780414708917,0.2580294444318512
NP-GJ9067B,1,0.6080036993057316,0.11913829552365708,0.5072555156056241,0.4017855678996167,0.4914773349183241,0.4626075620615608,0.474127927999145,0.5318607336402755,0.4683787780996684,0.5550365593352902
NP-GJ91,1,0.3977663389292059,4.528917213022151e-07,0.3857615732717586,1.0421740876888109e-06,0.33670853418450764,2.6499075131651864e-05,0.3294400673324149,4.1881328726835975e-05,0.3283942013684985,4.471302623296721e-05
NP-GJ9201,1,0.44754902755936177,0.553956493488343,0.442570375866402,0.5812111950319335,0.41085994849177104,0.7484846244360666,0.40659161474973854,0.7689904761516279,0.3981753577969923,0.8072082564031411
NP-GJ93,1,0.017051183839128858,1.0,0.01654446676134374,1.0,0.015758190006252618,1.0,0.015329906696050772,1.0,0.015325095895101478,1.0
NP-Gl105B,1,0.5179844315794528,0.1533786833468413,0.5128251845325421,0.1666833147768115,0.5127608138354249,0.16685465438510716,0.5109788997501952,0.17165057283170393,0.5071448170897699,0.18231895658953348
NP-Gl191,1,0.990909476395494,9.808697736468987e-230,0.9902238262144956,3.90465781532218e-226,0.9861063144898664,9.831382698255359e-209,0.9612084282980272,6.636488729586577e-158,0.8885727730291739,1.1113192117101077e-105
NP-Gl203,1,0.3695036975483692,0.9994593105048528,0.3442070847600225,0.9997627343347208,0.3237329339405483,0.9998799519806456,0.29162674096752866,0.9999591921505646,0.2909127691150523,0.9999601585421172
NP-Gl250B,1,0.6660036186193968,0.4141476658295588,0.6440505819383785,0.5036582317194626,0.6071478153455201,0.6538536358881988,0.6055548198835811,0.6600662204440453,0.5970011679065731,0.6927637026157394
NP-Gl341,1,0.2782718903573445,0.5523496864789659,0.2633122740592204,0.6661346220765599,0.2496329033491552,0.7647906448011118,0.2483670927420263,0.7733489880925314,0.24623430261435897,0.7874855555637221
NP-Gl357,1,0.22141927397154967,0.3376685530321297,0.21345605284546476,0.4049467829691241,0.2120452836021194,0.4176122734867855,0.2016407059935171,0.5167072380672736,0.19519374547672064,0.5816028855402259
NP-Gl358,1,0.5842129845414812,9.337331106140892e-05,0.5658714245280357,0.00019143416592409,0.5464090795030585,0.00039645890567783885,0.5260855510457382,0.0008194556916717048,0.5260813676800717,0.000819575380704906
NP-Gl367,1,0.6401228902344716,1.3245893793615202e-10,0.5875659342743345,6.6117707545631605e-09,0.5785850204349219,1.225423847640826e-08,0.5625361855695987,3.5720769790792575e-08,0.553098463133702,6.577706211930523e-08
NP-Gl382,1,0.4959270735471664,4.20228962774012e-20,0.4840926086385017,2.4790115852001265e-19,0.4747748603804439,9.741797227629586e-19,0.4738435160892691,1.115471114892655e-18,0.4708352138990594,1.724759743118051e-18
NP-Gl406,1,0.19102699929706632,0.7052536912506342,0.182636972772797,0.788633378747742,0.17116322111375487,0.8831738284355339,0.1670244310419886,0.9100351700804366,0.1650211888715125,0.9215372482014728
NP-Gl413.1,1,0.4997252633941535,0.4690179082937813,0.4616270534342597,0.6385883922545768,0.4606861827923304,0.6427152771407452,0.4593561363106829,0.6485321168536136,0.4484463699793573,0.695316340516405
NP-Gl438,1,0.06224620095842525,0.9999999999941012,0.06001169590672373,0.9999999999959532,0.05491462666790902,0.9999999999981902,0.0541409991607838,0.9999999999983856,0.052862517063566435,0.9999999999986564
NP-Gl447,1,0.4874730191645312,1.9684970059717637e-21,0.4617798772907107,1.0838026818076831e-19,0.4453369787500866,1.2743806881158412e-18,0.4334019956888674,7.280911939111902e-18,0.4116397930853569,1.5899695185976895e-16
NP-Gl452.1,1,0.3188420321681807,0.9993179044659606,0.3053823360760746,0.9996193695327258,0.2688215026479429,0.9999301061577692,0.2588608422349718,0.9999569834151172,0.2322305695127731,0.9999886428301036
NP-Gl465,1,0.0117190277254713,0.9999999905356978,0.011513850645296987,0.9999999896110376,0.010542975963439056,0.9999999835084256,0.010049690929842849,0.9999999788470788,0.01000193638863292,0.9999999783195196
NP-Gl486,1,0.3311322958425682,0.9999067987492424,0.31507571512138044,0.9999529058685592,0.27973765444963056,0.9999899533618212,0.2700526966633987,0.999993455616186,0.2658777844913917,0.9999945600149918
NP-Gl569A,1,0.44453303775684266,0.3053310198246157,0.4302387315195244,0.3737863110508005,0.4273614805304805,0.3885036012624615,0.4260186221934975,0.3954713753042042,0.4072413238699131,0.4984740112428384
NP-Gl618A,1,0.9183593414064932,7.314510003466313e-08,0.9069873353514322,2.2026871297201894e-07,0.8660214791297098,4.790063185301146e-06,0.7467211323686325,0.0009984772495372325,0.6682326446944483,0.009338776542042052
NP-Gl628,1,0.1912678231140469,3.5586553287510354e-06,0.1911685121465178,3.599255234294848e-06,0.18925655782408907,4.47642019662712e-06,0.1869222072951744,5.837609951869966e-06,0.1749430901890444,2.249593279276913e-05
NP-Gl643,1,0.6577636689411192,0.8226501717815351,0.6415110248881779,0.8597405487258383,0.6020713637272356,0.9261787659333982,0.5841239133322789,0.9467145247998312,0.5746865536273303,0.9554843764805993
NP-Gl680,1,0.9265700870128748,1.0957871427479902e-18,0.9237803437902232,2.1407765472437773e-18,0.91365735392892,2.009365442280264e-17,0.8879577753305441,2.1564942492847e-15,0.8526470045549454,2.928303424559837e-13
NP-Gl693,1,0.0015204949975952046,1.0,0.0015165659825212238,1.0,0.0014463063181398836,1.0,0.0014444371433179465,1.0,0.0014105689889309025,1.0
NP-Gl699,1,0.9757364418463612,5.264776433635891e-264,0.9719376082944342,1.4969263120153752e-253,0.9527127421303002,4.7466050250500955e-216,0.8790244734198507,1.4969073937214651e-148,0.6470804815563845,1.1549785170466305e-71
NP-Gl701,1,0.23519585492781636,2.457187332987306e-06,0.233875807466844,2.7886103384827748e-06,0.22586730268749866,5.9778542987344225e-06,0.22312372895990826,7.746880358311204e-06,0.22281223880226605,7.977759392903102e-06
NP-Gl729,1,0.11606581450389172,0.9897952637113984,0.11380647756788992,0.9931502721494601,0.11380644445109198,0.9931503137575156,0.11039694092851617,0.996472139147944,0.10886496100424538,0.9974491661789824
NP-Gl754,1,0.2781572397196079,3.5704660892571526e-11,0.2628092323926037,2.6713085549202416e-10,0.245807142773795,2.3591486474283555e-09,0.24468081264388564,2.7203486280135186e-09,0.2261392334253298,2.7488933836726225e-08
NP-Gl803,1,0.4518301257007366,0.0010977726458504997,0.39907171161563065,0.007417632539451323,0.32640189470419684,0.07540263777529893,0.3123382374887382,0.11271888243347443,0.2915659881669131,0.19677754458898888
NP-Gl846,1,0.3656862215254306,0.0052452562403468295,0.34607915290125324,0.011058387103017795,0.34537634899492675,0.011352274845849266,0.34191445943237764,0.012911297773626774,0.3182664943726359,0.030377502802499925
NP-Gl877,1,0.7097889883931753,7.681938745752482e-10,0.6788642203408805,6.627057146600629e-09,0.6544121607010643,3.152148850962299e-08,0.617137027177693,2.769356972942721e-07,0.6118932039435202,3.6945119913555775e-07
NP-Gl880,1,0.1618967825586231,0.00482927640114906,0.15900406678628307,0.006045906746275438,0.15757232638380528,0.006754278502302387,0.15624841856902072,0.007481090017448089,0.15494338278356876,0.0082720909550175
NP-Gl908,1,0.3643351520659527,1.2030056011413205e-05,0.3508822527737951,2.700056525228998e-05,0.31966990596732275,0.00016474008990592258,0.2834969794765107,0.0012001358496095244,0.2738499417142129,0.001999782263993039
NP-HD110619,1,0.7030105480197465,0.00029159538836576746,0.6946430082130871,0.0003934771776938012,0.6906817651001723,0.0004521176273026298,0.6882917399459672,0.0004912112561526017,0.6865987596622702,0.0005207254273041429
NP-HD128429,1,0.3959785602272827,2.788481200074661e-10,0.3890401705036191,5.422369150026147e-10,0.3722277578253764,2.631354231248211e-09,0.3677638944467503,3.97296622037025e-09,0.35776519828028824,9.889873471258283e-09
NP-HD191122,1,0.6574657207435306,0.03318115169784226,0.6503198899091879,0.03842684593313568,0.6388737982429307,0.048254495291278114,0.5801235456663801,0.13591113803141813,0.5660926970342482,0.16863086251735995
NP-HD19641,1,0.9989548538047516,1.5843052798172924e-103,0.9984733023115026,1.102008951026311e-97,0.9903744408618756,2.684293034574926e-69,0.9548130737933052,1.8292429381403633e-45,0.8472852783250273,1.0261970029381018e-26
NP-HD213845,1,0.5044439032067112,4.132238464702833e-12,0.4962369609506675,8.942679349434468e-12,0.4909742972737876,1.4572771794414074e-11,0.4565927874021172,3.1341173605907716e-10,0.452080739127497,4.618933428288628e-10
NP-HD8389A,1,0.5200802544057598,0.12308675308660776,0.5156266738782161,0.13305963115916122,0.5087401019287987,0.14972499922374935,0.5085186481964563,0.1502867092043249,0.4890549988211785,0.20627871280353546
NP-HIP31292,1,0.556970522363451,0.2260277382418273,0.5026121739297756,0.4402113373114985,0.4747301971643815,0.5722350685284542,0.4706439620750151,0.5918691114468257,0.4516697446509556,0.6813357537806427
NP-L225-57,1,0.9267372075139714,0.004247959408127531,0.9265025048617792,0.0042951851345366405,0.9238110322588388,0.004863539985164188,0.8905352773978996,0.016898534016184723,0.8848888794393447,0.020059802824490186
NP-LHS1481,1,0.4124328289677881,0.9991429891348208,0.3570937832908814,0.9998234470498604,0.3415404951894231,0.999887404174053,0.3266876346408571,0.9999266271055716,0.3185965320778002,0.9999418167575644
NP-LHS1731,1,0.8738525843168763,0.08463187904646569,0.8560599129109226,0.12200257403986578,0.839318381544396,0.16416377540300353,0.8368332043065426,0.17097941420738513,0.826622644728299,0.2004150144296515
NP-LHS288,1,,,,,,,,,,
NP-LHS3836,1,,,,,,,,,,
NP-LP816-60,1,0.5574180194890324,2.3287765714800663e-24,0.554934419436424,3.555169466079186e-24,0.5479423997571011,1.1550781412651392e-23,0.5445662840441869,2.0270152177747572e-23,0.5420944712109783,3.051573140864225e-23
P-GJ1132,0,0.26337407750674746,6.598332582799301e-06,0.26007483335098913,8.669596986437621e-06,0.2562302004537381,1.1897026219186156e-05,0.2478656242366612,2.353919111966617e-05,0.24062729522822995,4.220162543633488e-05
P-GJ1214,0,0.20053466105260792,0.00392874667961434,0.1255568109586668,0.3894480748487935,0.11449577088378016,0.6165602724983287,0.1127556329259356,0.6545335106131024,0.11046400412367056,0.7039055762927835
P-GJ1265,0,0.7783446494028775,0.0947954367962486,0.745434965542597,0.16624047583652815,0.6507016790383889,0.5065811937743941,0.5919996146944723,0.742539592346521,0.5817416004395426,0.7778452241865257
P-GJ163,0,,,,,,,,,,
P-GJ173,0,1.4236530345129714,,0.9833230118164074,3.166349392935223e-09,0.8618130926997745,0.000960714031777715,0.8542246443641927,0.0013180632394414,0.8522770609241798,0.0014256391488559456
P-GJ179,0,0.4121421942884101,9.999430651997276e-07,0.4023856332342369,1.8621221981136197e-06,0.3867968248335921,4.920418659596399e-06,0.3771402757233351,8.866987382120397e-06,0.37417163791695535,1.0606323216153306e-05
P-GJ180,0,0.8567009464702222,3.832071601768105e-40,0.8254032870487505,8.089070978543749e-36,0.7852391675689304,2.7415303066769096e-31,0.7767723944108337,1.921674671365805e-30,0.7571784442803775,1.32854529793753e-28
P-GJ3082,0,0.5382986525669345,6.309584917417528e-05,0.5205098686688618,0.00012968776114779618,0.5185697570657177,0.00014005167105172054,0.4638939576215546,0.0010790424945893988,0.4366353870008179,0.0027518213520827204
P-GJ3138,0,0.2794096720777077,3.066508874639055e-11,0.2752629436619371,5.325652993612705e-11,0.27012041678780185,1.0511814990242468e-10,0.26979589524430125,1.097083360386515e-10,0.2358072397733577,8.65932958807836e-09
P-GJ317,0,0.9211928629058964,1.9685086497446447e-74,0.7916060374208015,6.662146676978284e-45,0.7694470839285315,7.752419666496303e-42,0.7599975597293641,1.2820602042250672e-40,0.7336396881188829,1.8536113371405317e-37
P-GJ3293,0,0.5071233056780096,8.57010144556757e-30,0.4996136592039989,4.2574564702827317e-29,0.38599503348967096,1.0899769992266826e-19,0.33521817037702856,4.806435147539601e-16,0.2914513191647351,3.9856261323914976e-13
P-GJ3341,0,0.2070014036356632,0.0003371959344184687,0.17539848138964426,0.0040855818319166575,0.17249674390262093,0.005106228157694575,0.16400866995664926,0.009742158815625443,0.16107695427636465,0.012149470904542842
P-GJ3470,0,0.14105292275101536,0.10225220742765384,0.11981754828089748,0.34634753444518346,0.11968025394941655,0.34877365327143284,0.11874729430936355,0.36556305832652297,0.11060342391593904,0.5319315204828715
P-GJ3634,0,0.8133439821894098,2.255469679102181e-24,0.8126242596627827,2.594478569642161e-24,0.7970349514190699,4.749988378939696e-23,0.7169341144595428,8.448228271792697e-18,0.6441804318429603,3.385110694470793e-14
P-GJ480,0,0.4584523783133217,4.79874041782759e-06,0.4526616287988863,6.52597065391591e-06,0.4143044737773112,4.6052988661346366e-05,0.4096476624801829,5.7845845521967226e-05,0.36489892697069054,0.0004712435604895272
P-GJ676A,0,0.7311040877164056,3.2901561880699513e-35,0.7266232323214625,9.763195220470955e-35,0.6796968084391222,3.280131148405505e-30,0.668088702190989,3.4085220295846875e-29,0.5904026418965732,3.4187951938156243e-23
P-Gl205,0,0.6938280222285061,1.8575504669106718e-16,0.6693708357554425,2.902000235108254e-15,0.6617464547150509,6.5563234677760546e-15,0.588773596770339,7.007337356380869e-12,0.5824238580169044,1.2099678817666805e-11
P-Gl229,0,0.6854526587817774,6.407647150412655e-47,0.6747887122268464,1.7249447308276125e-45,0.6467324261872618,6.101499560272098e-42,0.5825777917861997,8.65901022129604e-35,0.4944601329074617,1.3698726178973574e-26
P-Gl433,0,0.22821380546011105,0.014568021790372587,0.22729691739140165,0.015258694853657688,0.22628717282955896,0.01605573861332944,0.2257718892739881,0.016477752735102203,0.2252214416383211,0.01694033590918541
P-Gl436,0,0.06019090935164855,0.9899042947833672,0.059357811363002465,0.9926266494627758,0.05258987489937389,0.9997636229406028,0.051921493913776574,0.9998483568507462,0.050950990277014566,0.9999235429422844
P-Gl514,0,0.2449670759064775,3.0916257589725556e-07,0.24026280524061425,5.001292991001953e-07,0.2382302822838213,6.150408922276109e-07,0.2345587616921793,8.922738866317845e-07,0.23323759472853656,1.0196241079216676e-06
P-Gl536,0,0.14480904645590625,0.0026752145763488037,0.14174125450993405,0.003561204540265703,0.1324625303448264,0.00838430403664352,0.12970157901383558,0.010787175991543257,0.12575835748581826,0.01542218439066594
P-Gl581,0,0.8661989447698724,7.545165811642903e-105,0.840544164601422,1.9031881825407424e-95,0.7273106658503478,1.0641406774623428e-66,0.6685237528464089,3.016895544672077e-56,0.4889038038532072,4.323545122324615e-33
P-Gl682,0,0.6615373487946206,0.041806372255681214,0.6051860321295436,0.12165421111037185,0.5850466272572672,0.16910989497104112,0.5757753150803413,0.1950147257260657,0.563844013264991,0.23229154500425336
P-Gl686,0,0.5638319290406119,0.1485159445646591,0.5321229972631518,0.2396083839236439,0.5200017125305875,0.28273787231776426,0.5163803965702337,0.2965037746400426,0.5057877496455624,0.33899584461504834
P-Gl832,0,0.8546449241230953,3.346957142478197e-44,0.7075118489869487,3.087669809630952e-27,0.614629057254806,1.4663963210312526e-20,0.5977766069554428,1.589156560444264e-19,0.5678842479471974,8.579662424593538e-18
P-Gl849,0,0.691185090764554,8.204129840839295e-16,0.6842385861612471,1.7980474482702625e-15,0.6652949357980334,1.4027461450325606e-14,0.6146840270739133,1.9990268345654948e-12,0.6018004575749084,6.357686992767196e-12
P-Gl876,0,0.8262730609893654,4.302093323202428e-98,0.7909744915504692,2.034114586136045e-87,0.7055335125072681,1.1990265455745419e-67,0.6690990110928635,6.388376633769924e-61,0.547205651083813,7.528800923791989e-43
P-Gl87,0,0.8201905620763409,7.917223163351705e-56,0.8182833041675991,1.8104316803587287e-55,0.8083667415834406,1.1657545731599865e-53,0.7696256776914451,2.153090809671188e-47,0.6450875302283635,1.067104391810046e-32
P-HATS-6,0,0.2393278370259941,0.4996889360055576,0.22997654164425385,0.5886440595956367,0.22974217886962836,0.590905659816717,0.21753527460382951,0.7075124561212941,0.2034675966149452,0.8279227177611707
P-HD110113,0,0.5004103202149859,7.191415163930682e-06,0.4869105837566492,1.4189297990739375e-05,0.4553907046009858,6.466228160455779e-05,0.4428123043363663,0.000115452531079285,0.43701041657817935,0.00015014475003903712
P-HD137388,0,0.6468491806325412,6.207042601299492e-18,0.6191436813112339,1.750010490666701e-16,0.6099503823699116,5.020657180286572e-16,0.5513279121699977,2.425893235308421e-13,0.5388428742731757,8.134707447640717e-13
P-HD208487,0,0.8292800427687161,4.438868211571034e-44,0.7680691132179862,5.599721239808753e-36,0.7613190132874224,3.208221638476382e-35,0.7393523698140974,6.796800673236315e-33,0.7342565255665875,2.2066947333256344e-32
P-K2-122,0,0.5010025747651122,0.9908716990267059,0.46951152907372495,0.9964402760512904,0.4396583621756294,0.9986602927705248,0.4228486670789869,0.9992529984949996,0.41997672863429597,0.9993255036849272
P-K2-89,0,0.422975731857531,0.8941063181723355,0.4017708575937253,0.9402873710773084,0.38190735407845977,0.9684047503771044,0.3775527275380366,0.9729024005043728,0.3697182669062512,0.9797171480541276
P-LHS1140,0,0.14436239260821254,3.038223721660161e-07,0.14090733345691742,5.406091519701793e-07,0.1386144623249923,7.912738953302205e-07,0.1332202640742505,1.929936059224989e-06,0.13315616872278502,1.9504149636495567e-06
P-LHS1723,0,,,,,,,,,,
P-LTT9759,0,0.6269175159022917,0.8406767141997012,0.5225920775309992,0.9814266497639846,0.4952376872800437,0.9910831876930218,0.4343049337739001,0.9986407227270904,0.4324259358901662,0.9987238373535552
